workload,n,total_ops,wall_ms,throughput_ops_per_s,mean_us,p50_us,p99_us
DISK_RANDOM_4K,1,1920,48,40000.0,20.2,17,45
DISK_RANDOM_4K,2,1920,28,68571.4,22.9,20,52
DISK_RANDOM_4K,4,1920,16,120000.0,25.4,20,72
DISK_RANDOM_4K,8,1920,18,106666.7,28.9,21,55
DISK_RANDOM_4K,16,1920,16,120000.0,26.6,21,63
DISK_RANDOM_4K_SYNC,1,576,182,3164.8,297.3,277,403
DISK_RANDOM_4K_SYNC,2,576,78,7384.6,255.9,239,1262
DISK_RANDOM_4K_SYNC,4,576,66,8727.3,426.3,381,1193
DISK_RANDOM_4K_SYNC,8,576,47,12255.3,609.6,548,1719
DISK_RANDOM_4K_SYNC,16,576,43,13395.3,1052.5,1092,2822
DISK_SEQ_READ,1,384,423,907.8,1073.4,1052,1443
DISK_SEQ_READ,2,384,260,1476.9,1309.6,1290,1789
DISK_SEQ_READ,4,384,154,2493.5,1513.4,1490,3918
DISK_SEQ_READ,8,384,147,2612.2,2838.2,2655,5925
DISK_SEQ_READ,16,384,128,3000.0,4518.9,4170,12783
NET_RTT,1,96,1958,49.0,20334.8,20269,21036
NET_RTT,2,96,974,98.6,20225.3,20154,20767
NET_RTT,4,96,488,196.7,20202.7,20141,21065
NET_RTT,8,96,245,391.8,20204.8,20102,21431
NET_RTT,16,96,125,768.0,20120.5,20103,20622
CPU_PARSE,1,960,4806,199.8,5002.2,5002,5005
CPU_PARSE,2,960,2405,399.2,5002.6,5002,5005
CPU_PARSE,4,960,1207,795.4,5006.2,5002,5005
CPU_PARSE,8,960,679,1413.8,5176.4,5003,10985
CPU_PARSE,16,960,547,1755.0,7964.2,5006,20022
